amplicon_len	HitName	FP_ID	FP_seq	FP_degeneracies	FP_mismatches	RP_ID	RP_seq	RP_degeneracies	RP_mismatches	RevcompRP	ProbeID	Probe_seq	RevcompProbe	Probe_degeneracies	Probe_mismatches	Probe_startOnAmplicon	ProbeStrand	Start	End	Full_Hit_ID	SubjectFullLength	AmpliconSeq	Primary_tag	Gene	Product	Protein_id	Note
151	NC_001472.1	2.EV|F	GGTGTGAAGAGCCTATTGAGCT	0	2	2.EV|R	GAAACACGGACACCCAAAGTAGT	0	0	ACTACTTTGGGTGTCCGTGTTTC	2.EV|IO	TCCTCCGGCCCCTGAATGCGGCTAATCC	GGATTAGCCGCATTCAGGGGCCGGAGGA	0	0	31	Plus	415	565	NC_001472.1 Human enterovirus B, complete genome	7389	N/A	N/A	N/A	N/A	N/A	N/A
151	NC_001612.1	2.EV|F	GGTGTGAAGAGCCTATTGAGCT	0	3	2.EV|R	GAAACACGGACACCCAAAGTAGT	0	0	ACTACTTTGGGTGTCCGTGTTTC	2.EV|IO	TCCTCCGGCCCCTGAATGCGGCTAATCC	GGATTAGCCGCATTCAGGGGCCGGAGGA	0	0	31	Plus	421	571	NC_001612.1 Human enterovirus A, complete genome	7413	N/A	N/A	N/A	N/A	N/A	N/A
151	NC_002058.3	2.EV|F	GGTGTGAAGAGCCTATTGAGCT	0	0	2.EV|R	GAAACACGGACACCCAAAGTAGT	0	0	ACTACTTTGGGTGTCCGTGTTTC	2.EV|IO	TCCTCCGGCCCCTGAATGCGGCTAATCC	GGATTAGCCGCATTCAGGGGCCGGAGGA	0	0	31	Plus	412	562	NC_002058.3 Poliovirus, complete genome	7440	N/A	N/A	N/A	N/A	N/A	N/A
152	NC_003988.1	2.EV|F	GGTGTGAAGAGCCTATTGAGCT	0	2	2.EV|R	GAAACACGGACACCCAAAGTAGT	0	1	ACTACTTTGGGTGTCCGTGTTTC	2.EV|IO	TCCTCCGGCCCCTGAATGCGGCTAATCC	GGATTAGCCGCATTCAGGGGCCGGAGGA	0	3	30	Plus	404	555	NC_003988.1 Simian enterovirus A, complete genome	7374	N/A	N/A	N/A	N/A	N/A	N/A
151	NC_004441.1	2.EV|F	GGTGTGAAGAGCCTATTGAGCT	0	1	2.EV|R	GAAACACGGACACCCAAAGTAGT	0	0	ACTACTTTGGGTGTCCGTGTTTC	2.EV|IO	TCCTCCGGCCCCTGAATGCGGCTAATCC	GGATTAGCCGCATTCAGGGGCCGGAGGA	0	0	31	Plus	447	597	NC_004441.1 Porcine enterovirus 9 strain UKG/410/73 polyprotein gene, complete cds	7388	N/A	N/A	N/A	N/A	N/A	N/A
151	NC_010415.1	2.EV|F	GGTGTGAAGAGCCTATTGAGCT	0	1	2.EV|R	GAAACACGGACACCCAAAGTAGT	0	0	ACTACTTTGGGTGTCCGTGTTTC	2.EV|IO	TCCTCCGGCCCCTGAATGCGGCTAATCC	GGATTAGCCGCATTCAGGGGCCGGAGGA	0	1	31	Plus	420	570	NC_010415.1 Enterovirus J strain 1631, complete genome	7351	N/A	N/A	N/A	N/A	N/A	N/A
151	NC_013695.1	2.EV|F	GGTGTGAAGAGCCTATTGAGCT	0	0	2.EV|R	GAAACACGGACACCCAAAGTAGT	0	0	ACTACTTTGGGTGTCCGTGTTTC	2.EV|IO	TCCTCCGGCCCCTGAATGCGGCTAATCC	GGATTAGCCGCATTCAGGGGCCGGAGGA	0	0	31	Plus	421	571	NC_013695.1 Enterovirus J strain N203, complete genome	7379	N/A	N/A	N/A	N/A	N/A	N/A
151	NC_024073.1	2.EV|F	GGTGTGAAGAGCCTATTGAGCT	0	0	2.EV|R	GAAACACGGACACCCAAAGTAGT	0	0	ACTACTTTGGGTGTCCGTGTTTC	2.EV|IO	TCCTCCGGCCCCTGAATGCGGCTAATCC	GGATTAGCCGCATTCAGGGGCCGGAGGA	0	0	31	Plus	416	566	NC_024073.1 Enterovirus sp. isolate CPML_8109/08, complete genome	7376	N/A	N/A	N/A	N/A	N/A	N/A
151	NC_030454.1	2.EV|F	GGTGTGAAGAGCCTATTGAGCT	0	1	2.EV|R	GAAACACGGACACCCAAAGTAGT	0	0	ACTACTTTGGGTGTCCGTGTTTC	2.EV|IO	TCCTCCGGCCCCTGAATGCGGCTAATCC	GGATTAGCCGCATTCAGGGGCCGGAGGA	0	0	31	Plus	421	571	NC_030454.1 Enterovirus A114 strain V13-0285, partial genome	7317	N/A	N/A	N/A	N/A	N/A	N/A
151	NC_038306.1	2.EV|F	GGTGTGAAGAGCCTATTGAGCT	0	1	2.EV|R	GAAACACGGACACCCAAAGTAGT	0	0	ACTACTTTGGGTGTCCGTGTTTC	2.EV|IO	TCCTCCGGCCCCTGAATGCGGCTAATCC	GGATTAGCCGCATTCAGGGGCCGGAGGA	0	0	31	Plus	416	566	NC_038306.1 Human coxsackievirus A2 strain Fleetwood, complete genome	7398	N/A	N/A	N/A	N/A	N/A	N/A
151	NC_038308.1	2.EV|F	GGTGTGAAGAGCCTATTGAGCT	0	1	2.EV|R	GAAACACGGACACCCAAAGTAGT	0	0	ACTACTTTGGGTGTCCGTGTTTC	2.EV|IO	TCCTCCGGCCCCTGAATGCGGCTAATCC	GGATTAGCCGCATTCAGGGGCCGGAGGA	0	0	31	Plus	413	563	NC_038308.1 Human enterovirus 68 strain Fermon, complete genome	7367	N/A	N/A	N/A	N/A	N/A	N/A
152	NC_038309.1	2.EV|F	GGTGTGAAGAGCCTATTGAGCT	0	2	2.EV|R	GAAACACGGACACCCAAAGTAGT	0	1	ACTACTTTGGGTGTCCGTGTTTC	2.EV|IO	TCCTCCGGCCCCTGAATGCGGCTAATCC	GGATTAGCCGCATTCAGGGGCCGGAGGA	0	1	30	Plus	416	567	NC_038309.1 Simian enterovirus SV4 strain 1715 UWB, complete genome	7295	N/A	N/A	N/A	N/A	N/A	N/A
151	NC_038310.1	2.EV|F	GGTGTGAAGAGCCTATTGAGCT	0	1	2.EV|R	GAAACACGGACACCCAAAGTAGT	0	0	ACTACTTTGGGTGTCCGTGTTTC	2.EV|IO	TCCTCCGGCCCCTGAATGCGGCTAATCC	GGATTAGCCGCATTCAGGGGCCGGAGGA	0	0	31	Plus	520	670	NC_038310.1 Dromedary camel enterovirus strain 19CC, complete genome	7441	N/A	N/A	N/A	N/A	N/A	N/A
151	NC_038878.1	2.EV|F	GGTGTGAAGAGCCTATTGAGCT	0	1	2.EV|R	GAAACACGGACACCCAAAGTAGT	0	0	ACTACTTTGGGTGTCCGTGTTTC	2.EV|IO	TCCTCCGGCCCCTGAATGCGGCTAATCC	GGATTAGCCGCATTCAGGGGCCGGAGGA	0	1	31	Plus	273	423	NC_038878.1 Human rhinovirus NAT001 polyprotein gene, complete cds	6944	N/A	N/A	N/A	N/A	N/A	N/A
